user_id,name
1,User_ijTQq
2,User_LhAFk
3,User_JpGWW
4,User_snhFE
5,User_mgUEo
6,User_TlceM
7,User_GhrVc
8,User_MrOYV
9,User_gDvyJ
10,User_LbQOv
11,User_JCroA
12,User_LFeEC
13,User_rJGCq
14,User_Ibmov
15,User_KCCAz
16,User_lvkCI
17,User_apSqe
18,User_SjZyB
19,User_ZMPDl
20,User_utofL
21,User_PgWzG
22,User_TqOgS
23,User_mhHVI
24,User_uaOcc
25,User_GhhuD
26,User_gBOOW
27,User_afQyZ
28,User_bqNDc
29,User_cRdUK
30,User_bekVb
31,User_CAFRc
32,User_vsMcY
33,User_WNuns
34,User_momKm
35,User_fzyWh
36,User_cnrhT
37,User_qnzTG
38,User_UBZqU
39,User_XIExE
40,User_BKXHo
41,User_rKEne
42,User_IhkoP
43,User_UwFdi
44,User_bMgOt
45,User_CBgHk
46,User_NZGfH
47,User_VGYPb
48,User_rZVRX
49,User_qVXXy
50,User_HjcDv
51,User_NvPgW
52,User_CmsaQ
53,User_KmrdU
54,User_uzPPI
55,User_xjuXT
56,User_MRGtR
57,User_qYwHY
58,User_shfom
59,User_rGADL
60,User_ObRdC
61,User_EqOUT
62,User_IihSR
63,User_GiUjD
64,User_jiEVZ
65,User_PJVJV
66,User_TbFjX
67,User_lyVsm
68,User_WkOIH
69,User_oCWZQ
70,User_WwXDp
71,User_jlFJK
72,User_GjJci
73,User_atUjM
74,User_Sbdia
75,User_Sckea
76,User_IwDlz
77,User_Mkiim
78,User_GpRPp
79,User_UvZHL
80,User_cXjnR
81,User_aNPsW
82,User_cUMlL
83,User_CMoXy
84,User_sJpZa
85,User_yjVOd
86,User_nMXdi
87,User_SQgSt
88,User_SZwEx
89,User_IEVsX
90,User_qcsgE
91,User_QXtvz
92,User_HHypN
93,User_AuLHX
94,User_ZCgyO
95,User_KdrwJ
96,User_liAtT
97,User_nRnIa
98,User_QPPPG
99,User_ssHTC
100,User_wrjHF
101,User_KtQDr
102,User_jvGaq
103,User_GGHwx
104,User_PUjIT
105,User_XTgFQ
106,User_OwjZo
107,User_ehLwc
108,User_FLDwH
109,User_JXzkK
110,User_NdwmZ
111,User_Irjbq
112,User_DzGZO
113,User_FHFXT
114,User_KpVAS
115,User_uQtFA
116,User_wRuAr
117,User_CSawn
118,User_JQRtc
119,User_KGefk
120,User_AzQOU
121,User_alnUR
122,User_tIrOd
123,User_acbjB
124,User_pTHeo
125,User_FweMk
126,User_fzIDL
127,User_VqIUX
128,User_XiJLP
129,User_Aovsp
130,User_pybGm
131,User_tePGb
132,User_UCyNJ
133,User_WxWSx
134,User_LbrhC
135,User_pzEFQ
136,User_Ednqz
137,User_DrlRc
138,User_ujyMH
139,User_CDyfc
140,User_OQPuu
141,User_BBioI
142,User_ywsMq
143,User_Sqnjw
144,User_WDGgZ
145,User_EVgJl
146,User_KXmur
147,User_WtdTe
148,User_JMogM
149,User_lxgmA
150,User_epNWj
151,User_XKKJw
152,User_VlYAz
153,User_GffSh
154,User_cQTjR
155,User_VbqvN
156,User_erMbM
157,User_TooHj
158,User_fsTZc
159,User_eSxpG
160,User_rSCkz
161,User_twxgH
162,User_sdYkf
163,User_YuNWW
164,User_YJZPT
165,User_CRPgn
166,User_aTdzv
167,User_DaJpV
168,User_wSxCJ
169,User_XGRcz
170,User_tjfzf
171,User_jMqdp
172,User_EBEBF
173,User_cCdID
174,User_SsShS
175,User_rxrBh
176,User_nwzeg
177,User_QtmTw
178,User_hsetM
179,User_OHDPy
180,User_uKPCc
181,User_gWVQn
182,User_KjQWN
183,User_usKoe
184,User_Isnun
185,User_bqgiF
186,User_yCCLi
187,User_TSPVQ
188,User_FtVJo
189,User_LkcZg
190,User_clNrt
191,User_QFOgu
192,User_Goqrw
193,User_zfpoh
194,User_jilXc
195,User_UsrpX
196,User_sqLBS
197,User_LDdBz
198,User_rAIBk
199,User_QnYpN
200,User_DnkFl
201,User_yoWuK
202,User_ORyDx
203,User_mXqRN
204,User_nbXZu
205,User_sMdSS
206,User_pJwpg
207,User_VPWwZ
208,User_HLAjf
209,User_eAnmZ
210,User_DBxTs
211,User_yjvdB
212,User_jYheC
213,User_vADaR
214,User_KTgVp
215,User_MYSVs
216,User_QZthG
217,User_qrXPx
218,User_Ipvvd
219,User_luBDM
220,User_zSSGp
221,User_gexbJ
222,User_QGMYG
223,User_IDrlb
224,User_IkcJj
225,User_fQpJx
226,User_qlDJJ
227,User_OAtfl
228,User_Kkkec
229,User_WhGtU
230,User_SpRry
231,User_PcWPh
232,User_sOztB
233,User_sULMI
234,User_yrMdY
235,User_GUOEu
236,User_keefA
237,User_KDrre
238,User_zxcxT
239,User_pUCSt
240,User_DubMC
241,User_YSKiS
242,User_aEZdc
243,User_HpRXG
244,User_KtZbe
245,User_lktnI
246,User_ouSMF
247,User_sgWop
248,User_NBjiX
249,User_uVjev
250,User_Uwufk
251,User_giiRT
252,User_VZfsh
253,User_xeLUD
254,User_XXDFk
255,User_OwiIN
256,User_jKxTv
257,User_WJPfj
258,User_liWMj
259,User_eCdOE
260,User_BubIM
261,User_eVjgn
262,User_SdQKN
263,User_MvNxY
264,User_DpZFF
265,User_IXAns
266,User_vnufU
267,User_kbTRI
268,User_pqyxy
269,User_vExNl
270,User_giTWH
271,User_CPFrZ
272,User_XfBlX
273,User_XVeUx
274,User_fNFbN
275,User_PpknC
276,User_uLlVA
277,User_ChMoE
278,User_xPRDh
279,User_zfruH
280,User_ilfaJ
281,User_wfULd
282,User_yEqlO
283,User_MjGXz
284,User_hFYRI
285,User_QCdYr
286,User_JYIOO
287,User_FVmvC
288,User_cglRY
289,User_LkQys
290,User_wTYPp
291,User_YyFAQ
292,User_zqpGq
293,User_MEBWl
294,User_IPMWb
295,User_ijIdk
296,User_PYPbj
297,User_KBRhQ
298,User_UpPop
299,User_ghrxK
300,User_RhNiF
301,User_UYwjQ
302,User_uJYpN
303,User_lSalU
304,User_DJIKg
305,User_qbDAj
306,User_QhFfZ
307,User_hPqGL
308,User_TdOUs
309,User_zfaET
310,User_caBPH
311,User_QXuMP
312,User_bTzyQ
313,User_okSPg
314,User_OXuvx
315,User_oXKmZ
316,User_eXFBb
317,User_eoNxg
318,User_cpibW
319,User_IRzgF
320,User_KQieY
321,User_HGPgy
322,User_gYcuC
323,User_zvNqy
324,User_riirC
325,User_aIWuO
326,User_vYtfh
327,User_wrHSw
328,User_hZdmC
329,User_yNJhp
330,User_wZLlR
331,User_JRRNv
332,User_Ptxrk
333,User_FNxly
334,User_bbcpW
335,User_KoTzW
336,User_VmTYA
337,User_cvrjQ
338,User_GYuao
339,User_UIPEy
340,User_aVJZf
341,User_tdktO
342,User_uixdD
343,User_Fcleo
344,User_vmhqW
345,User_icKbH
346,User_rqNjK
347,User_nVeeb
348,User_vmHgh
349,User_kHLtF
350,User_xlQUi
351,User_prkQg
352,User_dshVZ
353,User_FLJuE
354,User_LvXnz
355,User_SXOTl
356,User_CJdph
357,User_XmTXM
358,User_eCZxH
359,User_ARgYJ
360,User_wagrO
361,User_jjzYb
362,User_NSNNb
363,User_SPUuX
364,User_UYMKt
365,User_QfSVy
366,User_xBOKX
367,User_CDfxo
368,User_IUrBN
369,User_BeXrf
370,User_RHAYB
371,User_cxfCo
372,User_XWBdR
373,User_mmdEG
374,User_PWKzJ
375,User_vOKot
376,User_kUpNR
377,User_JhwKO
378,User_rldVy
379,User_Ivdih
380,User_VZxWQ
381,User_rHVsv
382,User_xAfxo
383,User_qbGuM
384,User_qJGil
385,User_caTlS
386,User_lunlw
387,User_CVKLB
388,User_pVOXM
389,User_cnLOy
390,User_jjyvh
391,User_gHYGZ
392,User_eplDv
393,User_vmCcU
394,User_dYoCM
395,User_yqCqE
396,User_Rubqe
397,User_PxgHa
398,User_pbUAK
399,User_KKTHV
400,User_fPLBy
401,User_eDNDp
402,User_Jstmt
403,User_OvVbS
404,User_OTUGL
405,User_CcuzE
406,User_qMUZf
407,User_OiQOL
408,User_ScdWX
409,User_QVMAV
410,User_NaWZt
411,User_BIXMI
412,User_khPSW
413,User_clmWK
414,User_ppMwD
415,User_WfJtO
416,User_IxAma
417,User_HxBcZ
418,User_cbpjF
419,User_rqQGT
420,User_pNLku
421,User_juwvI
422,User_kwTNi
423,User_kBgnn
424,User_KAVmj
425,User_FSUHz
426,User_HEkbd
427,User_uGVHh
428,User_uKqkp
429,User_MmLwj
430,User_OgkJh
431,User_IVgXb
432,User_SPQxr
433,User_CwWhO
434,User_eBfjo
435,User_qtfCw
436,User_hoeFn
437,User_bRsBE
438,User_qnbkX
439,User_DdsLP
440,User_YXtjy
441,User_Bgtcx
442,User_kUFIq
443,User_WcyIg
444,User_JphdF
445,User_wyxcp
446,User_ZGsvG
447,User_REhkV
448,User_FVBKg
449,User_UCtSb
450,User_kPEkY
451,User_aiQAY
452,User_GulWO
453,User_FDNyV
454,User_LZpnu
455,User_GuiOD
456,User_ESULV
457,User_Whvxd
458,User_PABUX
459,User_BxALb
460,User_ihund
461,User_Izlqw
462,User_wbCIb
463,User_aXssN
464,User_LRnKG
465,User_SUqMr
466,User_wfSjn
467,User_sYcET
468,User_Xrmeu
469,User_ewQGC
470,User_uQpjI
471,User_CFSFK
472,User_WpMZs
473,User_RKmvK
474,User_XsCfI
475,User_zPjSC
476,User_CHDNs
477,User_gPQVN
478,User_dGcYp
479,User_AAMGH
480,User_xBZAl
481,User_vXzdX
482,User_WCzYK
483,User_GAJtV
484,User_wpvfV
485,User_CFwYh
486,User_rzDKo
487,User_MNxgg
488,User_EPIUv
489,User_hFlHH
490,User_yVNMj
491,User_FqyLV
492,User_EEnhe
493,User_QWORD
494,User_BtfEH
495,User_TLqBX
496,User_IThaA
497,User_epPha
498,User_rojXa
499,User_GRblr
500,User_LziCp
